{"fold_2/lr":5e-05,"fold_2/val_recall":0.8333333333333334,"fold_4/val_specificity":0.6097560975609756,"fold_4/val_auc":0.8098995695839311,"fold_4/val_loss":0.8566650643413979,"fold_2/val_auc":0.6223544973544973,"_runtime":7404,"_step":84,"fold_4/val_recall":0.8235294117647058,"fold_0/val_recall":0.6666666666666666,"fold_4/lr":5e-05,"fold_2/val_specificity":0.2857142857142857,"fold_3/val_auc":0.7780748663101604,"fold_0/val_loss":0.4546887953371576,"fold_1/train_loss":0.006235689095391487,"fold_4/train_loss":0.0041841170093402675,"fold_2/train_loss":0.0595860577224222,"fold_3/epoch":17,"fold_1/val_acc":0.7285714285714285,"fold_0/epoch":21,"fold_3/val_acc":0.7692307692307693,"fold_0/lr":1.25e-05,"_wandb":{"runtime":7404},"fold_1/val_recall":0.6875,"fold_3/val_specificity":0.7058823529411765,"fold_1/epoch":16,"fold_1/val_loss":0.6221176998423679,"final_mean_cv_auc":0.7638799728505138,"fold_0/val_auc":0.8319327731092437,"fold_2/val_acc":0.5384615384615384,"fold_1/val_auc":0.7771381578947368,"_timestamp":1.7750578525949085e+09,"fold_1/lr":2.5e-05,"fold_3/lr":5e-05,"fold_3/val_recall":0.8181818181818182,"fold_0/val_specificity":0.8627450980392157,"fold_0/train_loss":0.0038230790942059274,"fold_4/epoch":16,"fold_3/val_loss":0.8051743451356649,"fold_2/epoch":9,"fold_2/val_loss":0.9906910499378753,"fold_1/val_specificity":0.7631578947368421,"fold_4/val_acc":0.7066666666666667,"fold_0/val_acc":0.8055555555555556,"fold_3/train_loss":0.00179185415653764}